{
  "results": [
    {
      "command": "samtools",
      "mean": 2.2927781755999996,
      "stddev": 0.0004881978354395927,
      "median": 2.2927781755999996,
      "user": 2.22404926,
      "system": 0.06626652,
      "min": 2.2924329676,
      "max": 2.2931233836,
      "times": [
        2.2931233836,
        2.2924329676
      ],
      "exit_codes": [
        0,
        0
      ]
    },
    {
      "command": "exon-bam-query",
      "mean": 11.4938133631,
      "stddev": 0.0001568299201058112,
      "median": 11.4938133631,
      "user": 11.01297876,
      "system": 0.47944102,
      "min": 11.4937024676,
      "max": 11.4939242586,
      "times": [
        11.4937024676,
        11.4939242586
      ],
      "exit_codes": [
        0,
        0
      ]
    }
  ]
}
