{
  "results": [
    {
      "command": "gzip",
      "mean": 1.49117874086,
      "stddev": 0.003005090533725189,
      "median": 1.49097954946,
      "user": 1.4170481000000001,
      "system": 0.16148501999999998,
      "min": 1.48671475746,
      "max": 1.4943870074599999,
      "times": [
        1.48671475746,
        1.49345604946,
        1.49097954946,
        1.4943870074599999,
        1.49035634046
      ],
      "exit_codes": [
        0,
        0,
        0,
        0,
        0
      ]
    },
    {
      "command": "zstd",
      "mean": 0.85299826606,
      "stddev": 0.013435990701057245,
      "median": 0.84872029946,
      "user": 0.7748849,
      "system": 0.15617261999999998,
      "min": 0.8421079664600001,
      "max": 0.87646588246,
      "times": [
        0.84872029946,
        0.8421079664600001,
        0.84871604946,
        0.8489811324600001,
        0.87646588246
      ],
      "exit_codes": [
        0,
        0,
        0,
        0,
        0
      ]
    },
    {
      "command": "no-compression",
      "mean": 0.9383110488600002,
      "stddev": 0.0026402220601526687,
      "median": 0.9390453404600001,
      "user": 0.7527791,
      "system": 0.34700462000000004,
      "min": 0.9338245904600001,
      "max": 0.9408373404600001,
      "times": [
        0.9390453404600001,
        0.9338245904600001,
        0.9387214244600001,
        0.9391265484600001,
        0.9408373404600001
      ],
      "exit_codes": [
        0,
        0,
        0,
        0,
        0
      ]
    }
  ]
}
