{
  "results": [
    {
      "command": "bcftools",
      "mean": 1.8650993156800002,
      "stddev": 0.00607498982373179,
      "median": 1.8650993156800002,
      "user": 1.91889092,
      "system": 0.06687726,
      "min": 1.8608036491800002,
      "max": 1.8693949821800002,
      "times": [
        1.8608036491800002,
        1.8693949821800002
      ],
      "exit_codes": [
        0,
        0
      ]
    },
    {
      "command": "exon-vcf-query",
      "mean": 13.38280479468,
      "stddev": 0.3267538378182305,
      "median": 13.38280479468,
      "user": 12.50319592,
      "system": 0.6818207599999999,
      "min": 13.15175494018,
      "max": 13.61385464918,
      "times": [
        13.61385464918,
        13.15175494018
      ],
      "exit_codes": [
        0,
        0
      ]
    }
  ]
}
