{
  "results": [
    {
      "command": "samtools",
      "mean": 1.3376538661000001,
      "stddev": 0.0053160287809604035,
      "median": 1.3376538661000001,
      "user": 1.25823822,
      "system": 0.04618915999999999,
      "min": 1.3338948661,
      "max": 1.3414128661,
      "times": [
        1.3414128661,
        1.3338948661
      ],
      "exit_codes": [
        0,
        0
      ]
    },
    {
      "command": "exon-bam-query",
      "mean": 1.5490529701,
      "stddev": 0.436905163717411,
      "median": 1.5490529701,
      "user": 3.69823372,
      "system": 0.44512315999999996,
      "min": 1.2401143661,
      "max": 1.8579915741000002,
      "times": [
        1.8579915741000002,
        1.2401143661
      ],
      "exit_codes": [
        0,
        0
      ]
    }
  ]
}
