{
  "results": [
    {
      "command": "samtools",
      "mean": 1.2571972505,
      "stddev": 0.015607289865727457,
      "median": 1.2571972505,
      "user": 1.20811856,
      "system": 0.03940298,
      "min": 1.24616123,
      "max": 1.268233271,
      "times": [
        1.268233271,
        1.24616123
      ],
      "exit_codes": [
        0,
        0
      ]
    },
    {
      "command": "exon-bam-query",
      "mean": 0.9468352720000002,
      "stddev": 0.0019388867940134506,
      "median": 0.9468352720000002,
      "user": 2.21506056,
      "system": 0.26144197999999996,
      "min": 0.9454642720000002,
      "max": 0.9482062720000001,
      "times": [
        0.9454642720000002,
        0.9482062720000001
      ],
      "exit_codes": [
        0,
        0
      ]
    }
  ]
}
