{
  "results": [
    {
      "command": "samtools",
      "mean": 1.24586224382,
      "stddev": 0.0309947289194756,
      "median": 1.24586224382,
      "user": 1.20452056,
      "system": 0.037348099999999995,
      "min": 1.22394566082,
      "max": 1.2677788268199999,
      "times": [
        1.2677788268199999,
        1.22394566082
      ],
      "exit_codes": [
        0,
        0
      ]
    },
    {
      "command": "exon-bam-query",
      "mean": 0.96015745232,
      "stddev": 0.0025271989288539356,
      "median": 0.96015745232,
      "user": 2.24921406,
      "system": 0.26679109999999995,
      "min": 0.9583704528200001,
      "max": 0.9619444518200001,
      "times": [
        0.9583704528200001,
        0.9619444518200001
      ],
      "exit_codes": [
        0,
        0
      ]
    }
  ]
}
