{
  "results": [
    {
      "command": "exon-bam-s3-query",
      "mean": 3.61073585426,
      "stddev": null,
      "median": 3.61073585426,
      "user": 0.17186826,
      "system": 0.0504308,
      "min": 3.61073585426,
      "max": 3.61073585426,
      "times": [
        3.61073585426
      ],
      "exit_codes": [
        0
      ]
    },
    {
      "command": "samtools",
      "mean": 1.6839918542599999,
      "stddev": null,
      "median": 1.6839918542599999,
      "user": 0.05103426,
      "system": 0.014150799999999998,
      "min": 1.6839918542599999,
      "max": 1.6839918542599999,
      "times": [
        1.6839918542599999
      ],
      "exit_codes": [
        0
      ]
    }
  ]
}
