{
  "results": [
    {
      "command": "samtools",
      "mean": 2.359778616,
      "stddev": 0.07683383959185484,
      "median": 2.359778616,
      "user": 2.24615034,
      "system": 0.07506736,
      "min": 2.305448887,
      "max": 2.414108345,
      "times": [
        2.305448887,
        2.414108345
      ],
      "exit_codes": [
        0,
        0
      ]
    },
    {
      "command": "exon-bam-query",
      "mean": 12.0939632825,
      "stddev": 0.31357884749446774,
      "median": 12.0939632825,
      "user": 11.39955984,
      "system": 0.57212186,
      "min": 11.872229553,
      "max": 12.315697012000001,
      "times": [
        12.315697012000001,
        11.872229553
      ],
      "exit_codes": [
        0,
        0
      ]
    }
  ]
}
