{
  "results": [
    {
      "command": "samtools",
      "mean": 2.3039350455000003,
      "stddev": 0.016569780281754647,
      "median": 2.3039350455000003,
      "user": 2.22489692,
      "system": 0.07487578,
      "min": 2.2922184415,
      "max": 2.3156516495,
      "times": [
        2.3156516495,
        2.2922184415
      ],
      "exit_codes": [
        0,
        0
      ]
    }
  ]
}
