{
  "results": [
    {
      "command": "exon-bam-s3-query",
      "mean": 6.3053584266,
      "stddev": null,
      "median": 6.3053584266,
      "user": 0.19313481999999998,
      "system": 0.0575699,
      "min": 6.3053584266,
      "max": 6.3053584266,
      "times": [
        6.3053584266
      ],
      "exit_codes": [
        0
      ]
    },
    {
      "command": "samtools",
      "mean": 1.0144047186,
      "stddev": null,
      "median": 1.0144047186,
      "user": 0.08444182,
      "system": 0.0374899,
      "min": 1.0144047186,
      "max": 1.0144047186,
      "times": [
        1.0144047186
      ],
      "exit_codes": [
        0
      ]
    }
  ]
}
