{
  "results": [
    {
      "command": "samtools",
      "mean": 2.3073331563200004,
      "stddev": 0.013488621172597397,
      "median": 2.3073331563200004,
      "user": 2.2296477599999998,
      "system": 0.0747901,
      "min": 2.29779526082,
      "max": 2.31687105182,
      "times": [
        2.31687105182,
        2.29779526082
      ],
      "exit_codes": [
        0,
        0
      ]
    },
    {
      "command": "exon-bam-query",
      "mean": 11.85069238582,
      "stddev": 0.008137915167981275,
      "median": 11.85069238582,
      "user": 11.30428126,
      "system": 0.5408971,
      "min": 11.84493801082,
      "max": 11.85644676082,
      "times": [
        11.85644676082,
        11.84493801082
      ],
      "exit_codes": [
        0,
        0
      ]
    }
  ]
}
