{
  "results": [
    {
      "command": "samtools",
      "mean": 2.3948946169400003,
      "stddev": 0.12333707060997867,
      "median": 2.3948946169400003,
      "user": 2.2568066,
      "system": 0.07052046,
      "min": 2.30768213794,
      "max": 2.48210709594,
      "times": [
        2.48210709594,
        2.30768213794
      ],
      "exit_codes": [
        0,
        0
      ]
    },
    {
      "command": "exon-bam-query",
      "mean": 12.00948315894,
      "stddev": 0.1593425943546074,
      "median": 12.00948315894,
      "user": 11.424555600000001,
      "system": 0.5332854599999999,
      "min": 11.896810929940001,
      "max": 12.122155387940001,
      "times": [
        11.896810929940001,
        12.122155387940001
      ],
      "exit_codes": [
        0,
        0
      ]
    }
  ]
}
