{
  "results": [
    {
      "command": "samtools",
      "mean": 2.31683352396,
      "stddev": 0.0491265674778414,
      "median": 2.31683352396,
      "user": 2.2165548999999998,
      "system": 0.07923082000000001,
      "min": 2.28209579496,
      "max": 2.3515712529600004,
      "times": [
        2.3515712529600004,
        2.28209579496
      ],
      "exit_codes": [
        0,
        0
      ]
    },
    {
      "command": "exon-bam-query",
      "mean": 11.48642444096,
      "stddev": 0.05228709861607995,
      "median": 11.48642444096,
      "user": 11.012386399999999,
      "system": 0.45640581999999996,
      "min": 11.44945187896,
      "max": 11.52339700296,
      "times": [
        11.44945187896,
        11.52339700296
      ],
      "exit_codes": [
        0,
        0
      ]
    }
  ]
}
