{
  "results": [
    {
      "command": "samtools",
      "mean": 2.30258923202,
      "stddev": 0.009129396254929931,
      "median": 2.30258923202,
      "user": 2.22801838,
      "system": 0.07076299999999999,
      "min": 2.29613377402,
      "max": 2.30904469002,
      "times": [
        2.30904469002,
        2.29613377402
      ],
      "exit_codes": [
        0,
        0
      ]
    },
    {
      "command": "exon-bam-query",
      "mean": 11.80218471102,
      "stddev": 0.15359039948359307,
      "median": 11.80218471102,
      "user": 11.15386538,
      "system": 0.5889895,
      "min": 11.693579898020001,
      "max": 11.91078952402,
      "times": [
        11.693579898020001,
        11.91078952402
      ],
      "exit_codes": [
        0,
        0
      ]
    }
  ]
}
