{
  "results": [
    {
      "command": "samtools",
      "mean": 1.30452428904,
      "stddev": 0.0075658070921378615,
      "median": 1.30452428904,
      "user": 1.2457341199999998,
      "system": 0.044967799999999995,
      "min": 1.29917445554,
      "max": 1.30987412254,
      "times": [
        1.29917445554,
        1.30987412254
      ],
      "exit_codes": [
        0,
        0
      ]
    },
    {
      "command": "exon-bam-query",
      "mean": 2.60713472704,
      "stddev": 0.047618073247012234,
      "median": 2.60713472704,
      "user": 3.70944112,
      "system": 0.38540929999999995,
      "min": 2.57346366454,
      "max": 2.6408057895400003,
      "times": [
        2.57346366454,
        2.6408057895400003
      ],
      "exit_codes": [
        0,
        0
      ]
    }
  ]
}
