{
  "results": [
    {
      "command": "samtools",
      "mean": 1.33174737876,
      "stddev": 0.029420828018493637,
      "median": 1.33174737876,
      "user": 1.25724562,
      "system": 0.04960454,
      "min": 1.31094371176,
      "max": 1.35255104576,
      "times": [
        1.35255104576,
        1.31094371176
      ],
      "exit_codes": [
        0,
        0
      ]
    },
    {
      "command": "exon-bam-query",
      "mean": 1.11356127426,
      "stddev": 0.03136716842508763,
      "median": 1.11356127426,
      "user": 2.22728112,
      "system": 0.34810253999999996,
      "min": 1.09138133676,
      "max": 1.13574121176,
      "times": [
        1.09138133676,
        1.13574121176
      ],
      "exit_codes": [
        0,
        0
      ]
    }
  ]
}
