{
  "results": [
    {
      "command": "exon-bam-s3-query",
      "mean": 4.108089789139999,
      "stddev": null,
      "median": 4.108089789139999,
      "user": 0.21722248,
      "system": 0.049740019999999996,
      "min": 4.108089789139999,
      "max": 4.108089789139999,
      "times": [
        4.108089789139999
      ],
      "exit_codes": [
        0
      ]
    },
    {
      "command": "samtools",
      "mean": 1.9428174971399998,
      "stddev": null,
      "median": 1.9428174971399998,
      "user": 0.05313647999999999,
      "system": 0.01081302,
      "min": 1.9428174971399998,
      "max": 1.9428174971399998,
      "times": [
        1.9428174971399998
      ],
      "exit_codes": [
        0
      ]
    }
  ]
}
