{
  "results": [
    {
      "command": "samtools",
      "mean": 1.2654151609,
      "stddev": 0.002846840892435173,
      "median": 1.2654151609,
      "user": 1.2223139400000003,
      "system": 0.038304859999999996,
      "min": 1.2634021404,
      "max": 1.2674281814000001,
      "times": [
        1.2634021404,
        1.2674281814000001
      ],
      "exit_codes": [
        0,
        0
      ]
    },
    {
      "command": "exon-bam-query",
      "mean": 0.9987584734000001,
      "stddev": 0.06913436032669465,
      "median": 0.9987584734000001,
      "user": 2.19604644,
      "system": 0.26815036,
      "min": 0.9498730984000001,
      "max": 1.0476438484000001,
      "times": [
        0.9498730984000001,
        1.0476438484000001
      ],
      "exit_codes": [
        0,
        0
      ]
    }
  ]
}
