{
  "results": [
    {
      "command": "samtools",
      "mean": 1.26786022206,
      "stddev": 0.013302564407904347,
      "median": 1.26786022206,
      "user": 1.22264306,
      "system": 0.0380118,
      "min": 1.2584538885599998,
      "max": 1.2772665555599998,
      "times": [
        1.2772665555599998,
        1.2584538885599998
      ],
      "exit_codes": [
        0,
        0
      ]
    },
    {
      "command": "exon-bam-query",
      "mean": 1.1430908685599999,
      "stddev": 0.13231296671063505,
      "median": 1.1430908685599999,
      "user": 2.2428970599999998,
      "system": 0.3016488,
      "min": 1.04953147256,
      "max": 1.23665026456,
      "times": [
        1.04953147256,
        1.23665026456
      ],
      "exit_codes": [
        0,
        0
      ]
    }
  ]
}
