{
  "results": [
    {
      "command": "samtools",
      "mean": 1.2586246604400002,
      "stddev": 0.002259235864375816,
      "median": 1.2586246604400002,
      "user": 1.2165719400000001,
      "system": 0.037500240000000004,
      "min": 1.25702713944,
      "max": 1.26022218144,
      "times": [
        1.26022218144,
        1.25702713944
      ],
      "exit_codes": [
        0,
        0
      ]
    },
    {
      "command": "exon-bam-query",
      "mean": 0.97647205594,
      "stddev": 0.011051489969997047,
      "median": 0.97647205594,
      "user": 2.24512394,
      "system": 0.26812474,
      "min": 0.96865747244,
      "max": 0.98428663944,
      "times": [
        0.96865747244,
        0.98428663944
      ],
      "exit_codes": [
        0,
        0
      ]
    }
  ]
}
