{
  "results": [
    {
      "command": "samtools",
      "mean": 1.26442139948,
      "stddev": 0.0006536028394813051,
      "median": 1.26442139948,
      "user": 1.2160685199999999,
      "system": 0.04050136,
      "min": 1.26395923248,
      "max": 1.26488356648,
      "times": [
        1.26395923248,
        1.26488356648
      ],
      "exit_codes": [
        0,
        0
      ]
    },
    {
      "command": "exon-bam-query",
      "mean": 1.08361071198,
      "stddev": 0.15419597633760374,
      "median": 1.08361071198,
      "user": 2.22314852,
      "system": 0.28707985999999996,
      "min": 0.9745776914800001,
      "max": 1.19264373248,
      "times": [
        1.19264373248,
        0.9745776914800001
      ],
      "exit_codes": [
        0,
        0
      ]
    }
  ]
}
