{
  "results": [
    {
      "command": "samtools",
      "mean": 2.350263225,
      "stddev": 0.02008740105159985,
      "median": 2.350263225,
      "user": 2.2629339,
      "system": 0.08050526,
      "min": 2.3360592875,
      "max": 2.3644671625,
      "times": [
        2.3644671625,
        2.3360592875
      ],
      "exit_codes": [
        0,
        0
      ]
    },
    {
      "command": "exon-bam-query",
      "mean": 11.9409303915,
      "stddev": 0.19256624264232128,
      "median": 11.9409303915,
      "user": 11.352336399999999,
      "system": 0.5207377599999999,
      "min": 11.804765495500002,
      "max": 12.0770952875,
      "times": [
        12.0770952875,
        11.804765495500002
      ],
      "exit_codes": [
        0,
        0
      ]
    }
  ]
}
