{
  "results": [
    {
      "command": "exon-bam-s3-query",
      "mean": 13.18608969056,
      "stddev": null,
      "median": 13.18608969056,
      "user": 0.27561593999999995,
      "system": 0.08579297999999999,
      "min": 13.18608969056,
      "max": 13.18608969056,
      "times": [
        13.18608969056
      ],
      "exit_codes": [
        0
      ]
    },
    {
      "command": "samtools",
      "mean": 2.75633069056,
      "stddev": null,
      "median": 2.75633069056,
      "user": 0.09790193999999999,
      "system": 0.01538998,
      "min": 2.75633069056,
      "max": 2.75633069056,
      "times": [
        2.75633069056
      ],
      "exit_codes": [
        0
      ]
    }
  ]
}
