{
  "results": [
    {
      "command": "samtools",
      "mean": 2.37264550026,
      "stddev": 0.027027654108945594,
      "median": 2.37264550026,
      "user": 2.2608916199999998,
      "system": 0.07683171999999999,
      "min": 2.35353406276,
      "max": 2.39175693776,
      "times": [
        2.39175693776,
        2.35353406276
      ],
      "exit_codes": [
        0,
        0
      ]
    },
    {
      "command": "exon-bam-query",
      "mean": 12.00668714626,
      "stddev": 0.2642374369348717,
      "median": 12.00668714626,
      "user": 11.43403262,
      "system": 0.5528092199999999,
      "min": 11.81984306276,
      "max": 12.193531229760001,
      "times": [
        12.193531229760001,
        11.81984306276
      ],
      "exit_codes": [
        0,
        0
      ]
    }
  ]
}
