{
  "results": [
    {
      "command": "samtools",
      "mean": 2.34272649366,
      "stddev": 0.037931240674842305,
      "median": 2.34272649366,
      "user": 2.25612318,
      "system": 0.06511884,
      "min": 2.31590505616,
      "max": 2.36954793116,
      "times": [
        2.36954793116,
        2.31590505616
      ],
      "exit_codes": [
        0,
        0
      ]
    },
    {
      "command": "exon-bam-query",
      "mean": 12.14350820216,
      "stddev": 0.21708387344612884,
      "median": 12.14350820216,
      "user": 11.525715179999999,
      "system": 0.55366534,
      "min": 11.990006723159999,
      "max": 12.297009681159999,
      "times": [
        12.297009681159999,
        11.990006723159999
      ],
      "exit_codes": [
        0,
        0
      ]
    }
  ]
}
