{
  "results": [
    {
      "command": "samtools",
      "mean": 1.30371316664,
      "stddev": 0.035707624607461956,
      "median": 1.30371316664,
      "user": 1.22803572,
      "system": 0.04212214,
      "min": 1.27846406314,
      "max": 1.32896227014,
      "times": [
        1.32896227014,
        1.27846406314
      ],
      "exit_codes": [
        0,
        0
      ]
    },
    {
      "command": "exon-bam-query",
      "mean": 2.71606002064,
      "stddev": 0.010497235633272602,
      "median": 2.71606002064,
      "user": 3.6863167199999998,
      "system": 0.46310263999999995,
      "min": 2.70863735414,
      "max": 2.72348268714,
      "times": [
        2.72348268714,
        2.70863735414
      ],
      "exit_codes": [
        0,
        0
      ]
    }
  ]
}
