{
  "results": [
    {
      "command": "samtools",
      "mean": 1.36152434016,
      "stddev": 0.033564119495749306,
      "median": 1.36152434016,
      "user": 1.2816951999999997,
      "system": 0.049791440000000006,
      "min": 1.33779092366,
      "max": 1.38525775666,
      "times": [
        1.38525775666,
        1.33779092366
      ],
      "exit_codes": [
        0,
        0
      ]
    },
    {
      "command": "exon-bam-query",
      "mean": 1.21389454816,
      "stddev": 0.10422141105242445,
      "median": 1.21389454816,
      "user": 3.5965121999999994,
      "system": 0.36727444,
      "min": 1.1401988816600002,
      "max": 1.28759021466,
      "times": [
        1.28759021466,
        1.1401988816600002
      ],
      "exit_codes": [
        0,
        0
      ]
    }
  ]
}
