{
  "results": [
    {
      "command": "samtools",
      "mean": 2.29696490086,
      "stddev": 0.007181288081383032,
      "median": 2.29696490086,
      "user": 2.22057414,
      "system": 0.07301352,
      "min": 2.2918869633599996,
      "max": 2.30204283836,
      "times": [
        2.30204283836,
        2.2918869633599996
      ],
      "exit_codes": [
        0,
        0
      ]
    },
    {
      "command": "exon-bam-query",
      "mean": 11.85180521386,
      "stddev": 0.12494918568273677,
      "median": 11.85180521386,
      "user": 11.270962639999999,
      "system": 0.5639505199999999,
      "min": 11.76345279736,
      "max": 11.94015763036,
      "times": [
        11.94015763036,
        11.76345279736
      ],
      "exit_codes": [
        0,
        0
      ]
    }
  ]
}
