{
  "results": [
    {
      "command": "samtools",
      "mean": 1.34787210448,
      "stddev": 0.01782430579841235,
      "median": 1.34787210448,
      "user": 1.2719036400000001,
      "system": 0.04730514,
      "min": 1.33526841698,
      "max": 1.3604757919800001,
      "times": [
        1.33526841698,
        1.3604757919800001
      ],
      "exit_codes": [
        0,
        0
      ]
    },
    {
      "command": "exon-bam-query",
      "mean": 1.15780633348,
      "stddev": 0.008413568725810987,
      "median": 1.15780633348,
      "user": 2.2935611399999996,
      "system": 0.36703714,
      "min": 1.15185704198,
      "max": 1.16375562498,
      "times": [
        1.15185704198,
        1.16375562498
      ],
      "exit_codes": [
        0,
        0
      ]
    }
  ]
}
