{
  "results": [
    {
      "command": "samtools",
      "mean": 2.2913321133,
      "stddev": 0.019751083388798014,
      "median": 2.2913321133,
      "user": 2.21291732,
      "system": 0.07622948,
      "min": 2.2773659883,
      "max": 2.3052982383000002,
      "times": [
        2.3052982383000002,
        2.2773659883
      ],
      "exit_codes": [
        0,
        0
      ]
    },
    {
      "command": "exon-bam-query",
      "mean": 11.454990383799998,
      "stddev": 0.03014033815972863,
      "median": 11.454990383799998,
      "user": 10.92245682,
      "system": 0.53262548,
      "min": 11.4336779463,
      "max": 11.4763028213,
      "times": [
        11.4336779463,
        11.4763028213
      ],
      "exit_codes": [
        0,
        0
      ]
    }
  ]
}
