{
  "results": [
    {
      "command": "exon-gzip",
      "mean": 1.5084745634999999,
      "stddev": 0.015603373597317336,
      "median": 1.5050342461,
      "user": 1.42384664,
      "system": 0.17376843999999997,
      "min": 1.4951772051,
      "max": 1.5325299971,
      "times": [
        1.5050342461,
        1.5142963721,
        1.5325299971,
        1.4953349971,
        1.4951772051
      ],
      "exit_codes": [
        0,
        0,
        0,
        0,
        0
      ]
    },
    {
      "command": "exon-zstd",
      "mean": 0.8277219799,
      "stddev": 0.004164615098137022,
      "median": 0.8262805381,
      "user": 0.7612388399999999,
      "system": 0.14581644,
      "min": 0.8237729551,
      "max": 0.8328958711000001,
      "times": [
        0.8313594971,
        0.8328958711000001,
        0.8243010381,
        0.8237729551,
        0.8262805381
      ],
      "exit_codes": [
        0,
        0,
        0,
        0,
        0
      ]
    },
    {
      "command": "exon-no-compression",
      "mean": 0.9390903555000001,
      "stddev": 0.027197644298175398,
      "median": 0.9374347051,
      "user": 0.75357984,
      "system": 0.34238804,
      "min": 0.9103934141000001,
      "max": 0.9827751221000001,
      "times": [
        0.9827751221000001,
        0.9374347051,
        0.9103934141000001,
        0.9406510391,
        0.9241974971
      ],
      "exit_codes": [
        0,
        0,
        0,
        0,
        0
      ]
    }
  ]
}
