{
  "results": [
    {
      "command": "exon-gzip",
      "mean": 1.63683401242,
      "stddev": 0.05278525723023175,
      "median": 1.6119758042199999,
      "user": 1.4659395,
      "system": 0.14486465999999998,
      "min": 1.5878205542200001,
      "max": 1.72054192922,
      "times": [
        1.72054192922,
        1.6550404702200001,
        1.6119758042199999,
        1.60879130422,
        1.5878205542200001
      ],
      "exit_codes": [
        0,
        0,
        0,
        0,
        0
      ]
    },
    {
      "command": "exon-zstd",
      "mean": 0.8451037208200001,
      "stddev": 0.006795547122398843,
      "median": 0.84279713722,
      "user": 0.7399009000000001,
      "system": 0.10650706000000001,
      "min": 0.8368232632200001,
      "max": 0.8534894702200001,
      "times": [
        0.8534894702200001,
        0.8505683042200001,
        0.8368232632200001,
        0.84279713722,
        0.8418404292200001
      ],
      "exit_codes": [
        0,
        0,
        0,
        0,
        0
      ]
    },
    {
      "command": "exon-no-compression",
      "mean": 0.8946919294200001,
      "stddev": 0.008798508958508356,
      "median": 0.89569213822,
      "user": 0.6693463,
      "system": 0.23317805999999996,
      "min": 0.8802305132200001,
      "max": 0.9033500542200001,
      "times": [
        0.9033500542200001,
        0.8996453462200001,
        0.8945415952200001,
        0.89569213822,
        0.8802305132200001
      ],
      "exit_codes": [
        0,
        0,
        0,
        0,
        0
      ]
    }
  ]
}
