{
  "results": [
    {
      "command": "exon-gzip",
      "mean": 0.531978296,
      "stddev": 0.009763467009457015,
      "median": 0.5291336882000001,
      "user": 0.5092782000000001,
      "system": 0.02013454,
      "min": 0.5229327712,
      "max": 0.5486443542,
      "times": [
        0.5486443542,
        0.5229327712,
        0.5306452292,
        0.5285354372000001,
        0.5291336882000001
      ],
      "exit_codes": [
        0,
        0,
        0,
        0,
        0
      ]
    },
    {
      "command": "exon-no-compression",
      "mean": 0.5346891380000001,
      "stddev": 0.0021561507310280236,
      "median": 0.5358120632000001,
      "user": 0.4989076,
      "system": 0.04685794,
      "min": 0.5322955622000001,
      "max": 0.5368665632,
      "times": [
        0.5358120632000001,
        0.5322955622000001,
        0.5368665632,
        0.5324394382000001,
        0.5360320632000001
      ],
      "exit_codes": [
        0,
        0,
        0,
        0,
        0
      ]
    },
    {
      "command": "pymzml-gzip",
      "mean": 1.3293511126,
      "stddev": 0.010299820185899021,
      "median": 1.3327459792,
      "user": 2.4620197999999993,
      "system": 0.50785514,
      "min": 1.3181763962000002,
      "max": 1.3417834792,
      "times": [
        1.3181763962000002,
        1.3327459792,
        1.3348529792000001,
        1.3191967292,
        1.3417834792
      ],
      "exit_codes": [
        0,
        0,
        0,
        0,
        0
      ]
    },
    {
      "command": "pymzml-no-compression",
      "mean": 1.3060872710000002,
      "stddev": 0.012101116500603287,
      "median": 1.3086456462,
      "user": 2.4772123999999995,
      "system": 0.59381474,
      "min": 1.2894434792,
      "max": 1.3205173122,
      "times": [
        1.3205173122,
        1.3127670212,
        1.2990628962000002,
        1.2894434792,
        1.3086456462
      ],
      "exit_codes": [
        0,
        0,
        0,
        0,
        0
      ]
    }
  ]
}
