{
  "results": [
    {
      "command": "bcftools",
      "mean": 1.91719791018,
      "stddev": 0.022234324317492647,
      "median": 1.91719791018,
      "user": 1.9483085999999998,
      "system": 0.07515754,
      "min": 1.90147586868,
      "max": 1.93291995168,
      "times": [
        1.90147586868,
        1.93291995168
      ],
      "exit_codes": [
        0,
        0
      ]
    },
    {
      "command": "exon-vcf-query",
      "mean": 16.87607722268,
      "stddev": 0.4373046210660238,
      "median": 16.87607722268,
      "user": 15.2835656,
      "system": 1.02585854,
      "min": 16.56685615968,
      "max": 17.18529828568,
      "times": [
        17.18529828568,
        16.56685615968
      ],
      "exit_codes": [
        0,
        0
      ]
    }
  ]
}
