{
  "results": [
    {
      "command": "bcftools",
      "mean": 1.87383299238,
      "stddev": 0.021162940164269263,
      "median": 1.87383299238,
      "user": 1.91862546,
      "system": 0.07138792,
      "min": 1.85886853388,
      "max": 1.8887974508799998,
      "times": [
        1.85886853388,
        1.8887974508799998
      ],
      "exit_codes": [
        0,
        0
      ]
    },
    {
      "command": "exon-vcf-query",
      "mean": 13.16190484688,
      "stddev": 0.25783113788566786,
      "median": 13.16190484688,
      "user": 12.31072596,
      "system": 0.6832939199999999,
      "min": 12.979590700880001,
      "max": 13.34421899288,
      "times": [
        13.34421899288,
        12.979590700880001
      ],
      "exit_codes": [
        0,
        0
      ]
    }
  ]
}
