{
  "results": [
    {
      "command": "bcftools",
      "mean": 2.026667841,
      "stddev": 0.22376096540114768,
      "median": 2.026667841,
      "user": 1.9385522199999998,
      "system": 0.07249472,
      "min": 1.868444945,
      "max": 2.184890737,
      "times": [
        2.184890737,
        1.868444945
      ],
      "exit_codes": [
        0,
        0
      ]
    },
    {
      "command": "exon-vcf-query",
      "mean": 12.460852966,
      "stddev": 0.2320822573991203,
      "median": 12.460852966,
      "user": 11.555561219999998,
      "system": 0.65697672,
      "min": 12.296746028,
      "max": 12.624959903999999,
      "times": [
        12.624959903999999,
        12.296746028
      ],
      "exit_codes": [
        0,
        0
      ]
    },
    {
      "command": "exon-vcf-query-projection",
      "mean": 12.21773082,
      "stddev": 0.03515292974321304,
      "median": 12.21773082,
      "user": 11.53105222,
      "system": 0.61448772,
      "min": 12.192873944999999,
      "max": 12.242587695,
      "times": [
        12.242587695,
        12.192873944999999
      ],
      "exit_codes": [
        0,
        0
      ]
    }
  ]
}
