{
  "results": [
    {
      "command": "bcftools",
      "mean": 9.82590469916,
      "stddev": 0.10769609788693649,
      "median": 9.76966965716,
      "user": 9.62999104,
      "system": 0.11809814,
      "min": 9.750181574159999,
      "max": 10.010272491159999,
      "times": [
        10.010272491159999,
        9.76966965716,
        9.83235382416,
        9.76704594916,
        9.750181574159999
      ],
      "exit_codes": [
        0,
        0,
        0,
        0,
        0
      ]
    },
    {
      "command": "exon-vcf-query",
      "mean": 4.9061676075600005,
      "stddev": 0.03745906817215571,
      "median": 4.90290832416,
      "user": 4.81948984,
      "system": 0.06913374,
      "min": 4.85270786616,
      "max": 4.95728836616,
      "times": [
        4.91655482416,
        4.90290832416,
        4.90137865716,
        4.85270786616,
        4.95728836616
      ],
      "exit_codes": [
        0,
        0,
        0,
        0,
        0
      ]
    }
  ]
}
