{
  "results": [
    {
      "command": "bcftools",
      "mean": 1.8898808323600003,
      "stddev": 0.017636952199882698,
      "median": 1.8898808323600003,
      "user": 1.9393998,
      "system": 0.06851356,
      "min": 1.8774096238600002,
      "max": 1.9023520408600003,
      "times": [
        1.8774096238600002,
        1.9023520408600003
      ],
      "exit_codes": [
        0,
        0
      ]
    }
  ]
}
