{
  "results": [
    {
      "command": "bcftools",
      "mean": 7.965066273540001,
      "stddev": 0.1025117813583726,
      "median": 8.01011938234,
      "user": 7.69377746,
      "system": 0.06503424000000001,
      "min": 7.80878659034,
      "max": 8.07224542334,
      "times": [
        8.01011938234,
        8.01228942334,
        8.07224542334,
        7.9218905483399995,
        7.80878659034
      ],
      "exit_codes": [
        0,
        0,
        0,
        0,
        0
      ]
    },
    {
      "command": "exon-vcf-query",
      "mean": 1.03298649014,
      "stddev": 0.031105124123314516,
      "median": 1.02938309034,
      "user": 3.496197059999999,
      "system": 0.60323244,
      "min": 1.0044365483400002,
      "max": 1.08206329834,
      "times": [
        1.0401819653400002,
        1.00886754834,
        1.0044365483400002,
        1.08206329834,
        1.02938309034
      ],
      "exit_codes": [
        0,
        0,
        0,
        0,
        0
      ]
    }
  ]
}
