{
  "results": [
    {
      "command": "bcftools",
      "mean": 7.56215952158,
      "stddev": 0.044733458377956684,
      "median": 7.5752753879800006,
      "user": 7.488717299999999,
      "system": 0.03806126,
      "min": 7.51033905498,
      "max": 7.61531817998,
      "times": [
        7.61531817998,
        7.588223929980001,
        7.5752753879800006,
        7.521641054980001,
        7.51033905498
      ],
      "exit_codes": [
        0,
        0,
        0,
        0,
        0
      ]
    },
    {
      "command": "exon-vcf-query",
      "mean": 0.94494032998,
      "stddev": 0.03175575609210116,
      "median": 0.94689976298,
      "user": 3.3062267,
      "system": 0.49640325999999996,
      "min": 0.8972766389800001,
      "max": 0.9857759299800001,
      "times": [
        0.8972766389800001,
        0.9857759299800001,
        0.94110380498,
        0.95364551298,
        0.94689976298
      ],
      "exit_codes": [
        0,
        0,
        0,
        0,
        0
      ]
    }
  ]
}
