{
  "results": [
    {
      "command": "bcftools",
      "mean": 9.71585674664,
      "stddev": null,
      "median": 9.71585674664,
      "user": 2.3732758599999997,
      "system": 0.12594042,
      "min": 9.71585674664,
      "max": 9.71585674664,
      "times": [
        9.71585674664
      ],
      "exit_codes": [
        0
      ]
    },
    {
      "command": "exon-vcf-query",
      "mean": 24.23542853864,
      "stddev": null,
      "median": 24.23542853864,
      "user": 1.3925298599999998,
      "system": 0.60187842,
      "min": 24.23542853864,
      "max": 24.23542853864,
      "times": [
        24.23542853864
      ],
      "exit_codes": [
        0
      ]
    }
  ]
}
