{
  "results": [
    {
      "command": "bcftools",
      "mean": 8.64790399838,
      "stddev": 0.04841655740933121,
      "median": 8.646306940379999,
      "user": 8.34703824,
      "system": 0.1652039,
      "min": 8.58415689838,
      "max": 8.70885448138,
      "times": [
        8.62194239838,
        8.70885448138,
        8.67825927338,
        8.646306940379999,
        8.58415689838
      ],
      "exit_codes": [
        0,
        0,
        0,
        0,
        0
      ]
    },
    {
      "command": "exon-vcf-query",
      "mean": 2.73643876478,
      "stddev": 0.15295288073646404,
      "median": 2.74328139838,
      "user": 10.100731839999998,
      "system": 1.5416984999999999,
      "min": 2.5325140643800004,
      "max": 2.95075098138,
      "times": [
        2.5325140643800004,
        2.67365698138,
        2.95075098138,
        2.74328139838,
        2.78199039838
      ],
      "exit_codes": [
        0,
        0,
        0,
        0,
        0
      ]
    },
    {
      "command": "exon-vcf-query-two-files",
      "mean": 4.77497122338,
      "stddev": 0.482085179269578,
      "median": 4.6227178563799995,
      "user": 24.01315804,
      "system": 3.1702755000000002,
      "min": 4.22355760738,
      "max": 5.319805189379999,
      "times": [
        4.22355760738,
        4.47168131538,
        4.6227178563799995,
        5.319805189379999,
        5.23709414838
      ],
      "exit_codes": [
        0,
        0,
        0,
        0,
        0
      ]
    }
  ]
}
