{
  "results": [
    {
      "command": "bcftools",
      "mean": 8.078249735720002,
      "stddev": 0.08510121760403541,
      "median": 8.07948626852,
      "user": 7.9364424,
      "system": 0.10688990000000001,
      "min": 7.96168306052,
      "max": 8.16843681152,
      "times": [
        8.149684477520001,
        8.07948626852,
        8.16843681152,
        7.96168306052,
        8.031958060520001
      ],
      "exit_codes": [
        0,
        0,
        0,
        0,
        0
      ]
    },
    {
      "command": "exon-vcf-query",
      "mean": 1.28272280272,
      "stddev": 0.08700437657215628,
      "median": 1.26265751952,
      "user": 3.7171393999999998,
      "system": 0.5525268999999999,
      "min": 1.1696073525200001,
      "max": 1.40504018552,
      "times": [
        1.32025414452,
        1.40504018552,
        1.26265751952,
        1.25605481152,
        1.1696073525200001
      ],
      "exit_codes": [
        0,
        0,
        0,
        0,
        0
      ]
    },
    {
      "command": "exon-vcf-query-two-files",
      "mean": 2.2072099361199995,
      "stddev": 0.1335283886429467,
      "median": 2.16553960252,
      "user": 7.799153799999999,
      "system": 1.5854227,
      "min": 2.07385556152,
      "max": 2.43074472752,
      "times": [
        2.16553960252,
        2.07385556152,
        2.1648565615199997,
        2.43074472752,
        2.2010532275199997
      ],
      "exit_codes": [
        0,
        0,
        0,
        0,
        0
      ]
    }
  ]
}
