{
  "results": [
    {
      "command": "bcftools",
      "mean": 1.8911243939000002,
      "stddev": 0.0021434471289565058,
      "median": 1.8911243939000002,
      "user": 1.92675756,
      "system": 0.07375617999999999,
      "min": 1.8896087479,
      "max": 1.8926400399,
      "times": [
        1.8926400399,
        1.8896087479
      ],
      "exit_codes": [
        0,
        0
      ]
    },
    {
      "command": "exon-vcf-query",
      "mean": 12.2139199149,
      "stddev": 0.2822499802152902,
      "median": 12.2139199149,
      "user": 11.40378806,
      "system": 0.62227068,
      "min": 12.0143390399,
      "max": 12.4135007899,
      "times": [
        12.4135007899,
        12.0143390399
      ],
      "exit_codes": [
        0,
        0
      ]
    }
  ]
}
