{
  "results": [
    {
      "command": "bcftools",
      "mean": 1.9455110061600003,
      "stddev": 0.04055387073488527,
      "median": 1.9455110061600003,
      "user": 1.9566224799999996,
      "system": 0.07440774,
      "min": 1.9168350891600001,
      "max": 1.9741869231600002,
      "times": [
        1.9741869231600002,
        1.9168350891600001
      ],
      "exit_codes": [
        0,
        0
      ]
    },
    {
      "command": "exon-vcf-query",
      "mean": 15.95736458866,
      "stddev": 0.08020700410315863,
      "median": 15.95736458866,
      "user": 14.97289598,
      "system": 0.78165074,
      "min": 15.90064967216,
      "max": 16.01407950516,
      "times": [
        16.01407950516,
        15.90064967216
      ],
      "exit_codes": [
        0,
        0
      ]
    }
  ]
}
