{
  "results": [
    {
      "command": "bcftools",
      "mean": 7.921028032440001,
      "stddev": 0.004837886612009444,
      "median": 7.91982386544,
      "user": 7.80836618,
      "system": 0.09949754000000001,
      "min": 7.91425569844,
      "max": 7.92591040744,
      "times": [
        7.92554844944,
        7.91960174144,
        7.92591040744,
        7.91425569844,
        7.91982386544
      ],
      "exit_codes": [
        0,
        0,
        0,
        0,
        0
      ]
    },
    {
      "command": "exon-vcf-query",
      "mean": 1.18944853244,
      "stddev": 0.01910021081886784,
      "median": 1.18196565744,
      "user": 3.6792945799999996,
      "system": 0.51677754,
      "min": 1.16890257444,
      "max": 1.21709724044,
      "times": [
        1.21709724044,
        1.1792314074399999,
        1.20004578244,
        1.18196565744,
        1.16890257444
      ],
      "exit_codes": [
        0,
        0,
        0,
        0,
        0
      ]
    },
    {
      "command": "exon-vcf-query-two-files",
      "mean": 2.1127541572400004,
      "stddev": 0.0346849936346586,
      "median": 2.11376174044,
      "user": 7.67678878,
      "system": 1.5053257399999997,
      "min": 2.0760319484400003,
      "max": 2.15994215744,
      "times": [
        2.1312056154400003,
        2.11376174044,
        2.0760319484400003,
        2.08282932444,
        2.15994215744
      ],
      "exit_codes": [
        0,
        0,
        0,
        0,
        0
      ]
    }
  ]
}
