{
  "results": [
    {
      "command": "bcftools",
      "mean": 10.83442296262,
      "stddev": 0.014358909934688555,
      "median": 10.83233077882,
      "user": 10.57063694,
      "system": 0.26051421999999996,
      "min": 10.815783695819999,
      "max": 10.85384019582,
      "times": [
        10.84197286282,
        10.815783695819999,
        10.85384019582,
        10.83233077882,
        10.82818727982
      ],
      "exit_codes": [
        0,
        0,
        0,
        0,
        0
      ]
    },
    {
      "command": "exon-vcf-query",
      "mean": 8.47851511222,
      "stddev": 0.014171456551400329,
      "median": 8.47614711182,
      "user": 8.26174814,
      "system": 0.21843222,
      "min": 8.46229548682,
      "max": 8.49922294582,
      "times": [
        8.47614711182,
        8.49922294582,
        8.48465136282,
        8.46229548682,
        8.47025865382
      ],
      "exit_codes": [
        0,
        0,
        0,
        0,
        0
      ]
    },
    {
      "command": "exon-vcf-query-two-files",
      "mean": 8.653517979219998,
      "stddev": 0.012079911379476914,
      "median": 8.65467302882,
      "user": 16.88561494,
      "system": 0.38706782,
      "min": 8.63594944582,
      "max": 8.669496237819999,
      "times": [
        8.65070986282,
        8.669496237819999,
        8.63594944582,
        8.65467302882,
        8.65676132082
      ],
      "exit_codes": [
        0,
        0,
        0,
        0,
        0
      ]
    }
  ]
}
