{
  "results": [
    {
      "command": "bcftools",
      "mean": 7.2515260118,
      "stddev": 0.02152864450266147,
      "median": 7.245611261400001,
      "user": 7.20723512,
      "system": 0.030841819999999992,
      "min": 7.2297169284,
      "max": 7.2779063034,
      "times": [
        7.2701767624,
        7.245611261400001,
        7.2779063034,
        7.2297169284,
        7.2342188034
      ],
      "exit_codes": [
        0,
        0,
        0,
        0,
        0
      ]
    },
    {
      "command": "exon-vcf-query",
      "mean": 0.8997461698,
      "stddev": 0.017651007143863254,
      "median": 0.9033620114,
      "user": 3.25412952,
      "system": 0.47959002,
      "min": 0.8803551364,
      "max": 0.9174086784000001,
      "times": [
        0.9033620114,
        0.9152858444,
        0.8803551364,
        0.8823191784,
        0.9174086784000001
      ],
      "exit_codes": [
        0,
        0,
        0,
        0,
        0
      ]
    }
  ]
}
