{
  "results": [
    {
      "command": "bcftools",
      "mean": 8.40559948264,
      "stddev": 0.1464761199373902,
      "median": 8.38299922404,
      "user": 8.191353900000001,
      "system": 0.14927614,
      "min": 8.206500808040001,
      "max": 8.61325776604,
      "times": [
        8.38299922404,
        8.61325776604,
        8.37762389104,
        8.44761572404,
        8.206500808040001
      ],
      "exit_codes": [
        0,
        0,
        0,
        0,
        0
      ]
    },
    {
      "command": "exon-vcf-query",
      "mean": 1.49417333244,
      "stddev": 0.13079428291828418,
      "median": 1.44012805804,
      "user": 4.0693153,
      "system": 0.6242091399999999,
      "min": 1.41729059904,
      "max": 1.72696114104,
      "times": [
        1.43278259904,
        1.41729059904,
        1.44012805804,
        1.45370426504,
        1.72696114104
      ],
      "exit_codes": [
        0,
        0,
        0,
        0,
        0
      ]
    },
    {
      "command": "exon-vcf-query-two-files",
      "mean": 2.61353799884,
      "stddev": 0.16815885271118763,
      "median": 2.64346889004,
      "user": 9.184925699999999,
      "system": 2.20337174,
      "min": 2.37184764104,
      "max": 2.79942805704,
      "times": [
        2.37184764104,
        2.79942805704,
        2.52923643204,
        2.72370897404,
        2.64346889004
      ],
      "exit_codes": [
        0,
        0,
        0,
        0,
        0
      ]
    }
  ]
}
