{
  "results": [
    {
      "command": "bcftools",
      "mean": 1.8989296197,
      "stddev": 0.034576637716545525,
      "median": 1.8989296197,
      "user": 1.9411071399999997,
      "system": 0.0715161,
      "min": 1.8744802447000002,
      "max": 1.9233789947,
      "times": [
        1.8744802447000002,
        1.9233789947
      ],
      "exit_codes": [
        0,
        0
      ]
    }
  ]
}
