{
  "results": [
    {
      "command": "bcftools",
      "mean": 7.3333065011,
      "stddev": 0.11321548454298713,
      "median": 7.2860769595,
      "user": 7.2623332399999985,
      "system": 0.0347339,
      "min": 7.2385477095,
      "max": 7.4988102925,
      "times": [
        7.2860769595,
        7.2385477095,
        7.2428305015,
        7.4988102925,
        7.4002670425
      ],
      "exit_codes": [
        0,
        0,
        0,
        0,
        0
      ]
    },
    {
      "command": "exon-vcf-query",
      "mean": 0.9718483593000002,
      "stddev": 0.11923188238354032,
      "median": 0.9479976265000001,
      "user": 3.35122844,
      "system": 0.5147112999999999,
      "min": 0.8807379595,
      "max": 1.1775275005,
      "times": [
        0.8984160845000001,
        0.8807379595,
        0.9479976265000001,
        1.1775275005,
        0.9545626255
      ],
      "exit_codes": [
        0,
        0,
        0,
        0,
        0
      ]
    }
  ]
}
