{
  "results": [
    {
      "command": "bcftools",
      "mean": 9.3503601274,
      "stddev": 0.023951903707465694,
      "median": 9.3400008362,
      "user": 9.1801738,
      "system": 0.16801011999999999,
      "min": 9.3265350442,
      "max": 9.387266419200001,
      "times": [
        9.3265350442,
        9.3377287102,
        9.360269627200001,
        9.3400008362,
        9.387266419200001
      ],
      "exit_codes": [
        0,
        0,
        0,
        0,
        0
      ]
    },
    {
      "command": "exon-vcf-query",
      "mean": 4.8043725278,
      "stddev": 0.006396782855711266,
      "median": 4.8038692112,
      "user": 4.710189,
      "system": 0.09413612,
      "min": 4.797727878200001,
      "max": 4.8143672112,
      "times": [
        4.8001810442,
        4.805717294200001,
        4.8143672112,
        4.8038692112,
        4.797727878200001
      ],
      "exit_codes": [
        0,
        0,
        0,
        0,
        0
      ]
    }
  ]
}
