{
  "results": [
    {
      "command": "bcftools",
      "mean": 11.18592782808,
      "stddev": 0.08513253376927415,
      "median": 11.16182769508,
      "user": 10.927043860000001,
      "system": 0.20340445999999995,
      "min": 11.104383195079999,
      "max": 11.31377227808,
      "times": [
        11.31377227808,
        11.16182769508,
        11.123988861079999,
        11.22566711108,
        11.104383195079999
      ],
      "exit_codes": [
        0,
        0,
        0,
        0,
        0
      ]
    },
    {
      "command": "exon-vcf-query",
      "mean": 8.55421526168,
      "stddev": 0.014500988755399786,
      "median": 8.552663945079999,
      "user": 8.36764486,
      "system": 0.18184445999999999,
      "min": 8.53794532008,
      "max": 8.576338528079999,
      "times": [
        8.54592811208,
        8.552663945079999,
        8.53794532008,
        8.576338528079999,
        8.558200403079999
      ],
      "exit_codes": [
        0,
        0,
        0,
        0,
        0
      ]
    },
    {
      "command": "exon-vcf-query-two-files",
      "mean": 8.72993077008,
      "stddev": 0.015674725880777556,
      "median": 8.72786523708,
      "user": 17.03782086,
      "system": 0.39215365999999996,
      "min": 8.71337873708,
      "max": 8.75315819508,
      "times": [
        8.71337873708,
        8.72786523708,
        8.736412570079999,
        8.75315819508,
        8.71883911108
      ],
      "exit_codes": [
        0,
        0,
        0,
        0,
        0
      ]
    }
  ]
}
