{
  "results": [
    {
      "command": "bcftools",
      "mean": 1.9274060925,
      "stddev": 0.07244370845099529,
      "median": 1.9274060925,
      "user": 1.93424424,
      "system": 0.06981028,
      "min": 1.876180655,
      "max": 1.97863153,
      "times": [
        1.97863153,
        1.876180655
      ],
      "exit_codes": [
        0,
        0
      ]
    },
    {
      "command": "exon-vcf-query",
      "mean": 13.306865592000001,
      "stddev": 0.12184990766941774,
      "median": 13.306865592000001,
      "user": 12.40924424,
      "system": 0.71237828,
      "min": 13.220704696,
      "max": 13.393026488,
      "times": [
        13.393026488,
        13.220704696
      ],
      "exit_codes": [
        0,
        0
      ]
    }
  ]
}
