{
  "results": [
    {
      "command": "bcftools",
      "mean": 1.8692218285000002,
      "stddev": 0.0015921096077042335,
      "median": 1.8692218285000002,
      "user": 1.9099336,
      "system": 0.07356656,
      "min": 1.8680960370000002,
      "max": 1.87034762,
      "times": [
        1.8680960370000002,
        1.87034762
      ],
      "exit_codes": [
        0,
        0
      ]
    },
    {
      "command": "exon-vcf-query",
      "mean": 15.865946474500001,
      "stddev": 0.4892787365430837,
      "median": 15.865946474500001,
      "user": 14.5492171,
      "system": 1.0239600599999998,
      "min": 15.519974162,
      "max": 16.211918787000002,
      "times": [
        16.211918787000002,
        15.519974162
      ],
      "exit_codes": [
        0,
        0
      ]
    }
  ]
}
