{
  "results": [
    {
      "command": "bcftools",
      "mean": 8.07545691932,
      "stddev": 0.2746484808924958,
      "median": 7.97752276952,
      "user": 7.778669199999999,
      "system": 0.08470533999999999,
      "min": 7.86630381052,
      "max": 8.55750793652,
      "times": [
        8.55750793652,
        7.97752276952,
        8.00683889452,
        7.96911118552,
        7.86630381052
      ],
      "exit_codes": [
        0,
        0,
        0,
        0,
        0
      ]
    },
    {
      "command": "exon-vcf-query",
      "mean": 1.5203820355199997,
      "stddev": 0.023018397364251306,
      "median": 1.52367843552,
      "user": 6.016087399999999,
      "system": 0.7260527400000001,
      "min": 1.4941624355199998,
      "max": 1.54610631052,
      "times": [
        1.5384158935199999,
        1.4995471025199998,
        1.4941624355199998,
        1.54610631052,
        1.52367843552
      ],
      "exit_codes": [
        0,
        0,
        0,
        0,
        0
      ]
    }
  ]
}
