{
  "results": [
    {
      "command": "bcftools",
      "mean": 8.2967755422,
      "stddev": 0.08546519159182407,
      "median": 8.320561466800001,
      "user": 8.1183888,
      "system": 0.11063123999999999,
      "min": 8.1736536758,
      "max": 8.3946839258,
      "times": [
        8.3946839258,
        8.341678466800001,
        8.1736536758,
        8.2533001758,
        8.320561466800001
      ],
      "exit_codes": [
        0,
        0,
        0,
        0,
        0
      ]
    },
    {
      "command": "exon-vcf-query",
      "mean": 1.4332001342,
      "stddev": 0.13233105244076154,
      "median": 1.4836126348,
      "user": 3.7629061999999998,
      "system": 0.6037246399999999,
      "min": 1.2631678847999999,
      "max": 1.5518727168,
      "times": [
        1.2631678847999999,
        1.5518727168,
        1.5443760508,
        1.4836126348,
        1.3229713838
      ],
      "exit_codes": [
        0,
        0,
        0,
        0,
        0
      ]
    },
    {
      "command": "exon-vcf-query-two-files",
      "mean": 2.2574028342,
      "stddev": 0.10766884244959957,
      "median": 2.3189205928,
      "user": 8.183264399999999,
      "system": 1.7656506399999998,
      "min": 2.0999666758,
      "max": 2.3516873008,
      "times": [
        2.0999666758,
        2.3189205928,
        2.3516873008,
        2.3249612588,
        2.1914783428000004
      ],
      "exit_codes": [
        0,
        0,
        0,
        0,
        0
      ]
    }
  ]
}
