{
  "results": [
    {
      "command": "bcftools",
      "mean": 1.87382310274,
      "stddev": 0.0009642581829804032,
      "median": 1.87382310274,
      "user": 1.9321544399999997,
      "system": 0.06245463999999999,
      "min": 1.87314126924,
      "max": 1.8745049362400001,
      "times": [
        1.87314126924,
        1.8745049362400001
      ],
      "exit_codes": [
        0,
        0
      ]
    },
    {
      "command": "exon-vcf-query",
      "mean": 0.59314339424,
      "stddev": 0.4548599894068149,
      "median": 0.59314339424,
      "user": 0.27587594,
      "system": 0.013267639999999999,
      "min": 0.27150881124000004,
      "max": 0.91477797724,
      "times": [
        0.91477797724,
        0.27150881124000004
      ],
      "exit_codes": [
        0,
        0
      ]
    }
  ]
}
