{
  "results": [
    {
      "command": "bcftools",
      "mean": 8.9092008372,
      "stddev": 0.2406115114458773,
      "median": 8.846034170200001,
      "user": 8.488771840000002,
      "system": 0.19249481999999998,
      "min": 8.677407546200001,
      "max": 9.3160565042,
      "times": [
        9.3160565042,
        8.846034170200001,
        8.885390045200001,
        8.8211159202,
        8.677407546200001
      ],
      "exit_codes": [
        0,
        0,
        0,
        0,
        0
      ]
    },
    {
      "command": "exon-vcf-query",
      "mean": 1.5361616626,
      "stddev": 0.02748049107837945,
      "median": 1.5175306292,
      "user": 3.883614039999999,
      "system": 0.81720942,
      "min": 1.5148886292,
      "max": 1.5663035042,
      "times": [
        1.5663035042,
        1.5148886292,
        1.5175306292,
        1.5661910462,
        1.5158945041999998
      ],
      "exit_codes": [
        0,
        0,
        0,
        0,
        0
      ]
    },
    {
      "command": "exon-vcf-query-two-files",
      "mean": 2.5074602958,
      "stddev": 0.1016680689467179,
      "median": 2.5102940462,
      "user": 8.734918239999999,
      "system": 2.3580592200000003,
      "min": 2.3495004622,
      "max": 2.6204973791999997,
      "times": [
        2.5654041292,
        2.3495004622,
        2.4916054622,
        2.5102940462,
        2.6204973791999997
      ],
      "exit_codes": [
        0,
        0,
        0,
        0,
        0
      ]
    }
  ]
}
