control substitution on

statement ok
CREATE EXTERNAL TABLE bam STORED AS BAM LOCATION '$CARGO_MANIFEST_DIR/test-data/datasources/bam/test.bam';

query T
SELECT name, flag, reference, start, end, mapping_quality, cigar, mate_reference FROM bam LIMIT 1;
----
READ_ID 83 chr1 12203704 12217173 NULL 55M13394N21M chr1

query T
SELECT sequence FROM bam LIMIT 1;
----
AAAAAAAAAAAAAAAAAAAAAAAAAAAAAAAAAAAAAAAAAAAAAAAAAAAAAAAAAAAAAAAAAAAAAAAAAAAA

query T
SELECT quality_score FROM bam LIMIT 1;
----
8DCCCC?::>CDDB<<>@3CCDBD@DBDFHHHFEIIGCAIIHIF@@DDGGEBEGEIHGGGDGG?BHHHDFFFF@@<

# query I
# SELECT tags FROM bam LIMIT 1;
# ----
# {tag: NH, value: 1}, {tag: HI, value: 1}, {tag: AS, value: 149}, {tag: nM, value: 1}, {tag: NM, value: 0}, {tag: XS, value: -}, {tag: RG, value: H7G9G.1}

statement ok
DROP TABLE bam;

statement ok
CREATE EXTERNAL TABLE bam STORED AS BAM PARTITIONED BY (sample) LOCATION '$CARGO_MANIFEST_DIR/test-data/datasources/bam-partition';

query T
SELECT name, sample FROM bam WHERE sample = '2' LIMIT 1;
----
READ_ID 2

statement ok
DROP TABLE bam;

query T
SELECT COUNT(*) FROM bam_scan('$CARGO_MANIFEST_DIR/test-data/datasources/bam/test.bam');
----
61

query T
SELECT COUNT(*) FROM bam_scan('$CARGO_MANIFEST_DIR/test-data/datasources/bam-partition');
----
122
