control substitution on

statement ok
CREATE EXTERNAL TABLE bed STORED AS BED LOCATION '$CARGO_MANIFEST_DIR/test-data/datasources/bed/test.bed';

query T
SELECT * FROM bed LIMIT 1
----
chr1 11874 12227 NR_046018_exon_0_0_chr1_11874_f NULL + NULL NULL NULL NULL NULL NULL

statement ok
DROP TABLE bed;

statement ok
CREATE EXTERNAL TABLE bed STORED AS BED PARTITIONED BY (sample) LOCATION '$CARGO_MANIFEST_DIR/test-data/datasources/bed-partition/'

query T
SELECT * FROM bed WHERE sample = '1' LIMIT 1;
----
chr1 11874 12227 NR_046018_exon_0_0_chr1_11874_f NULL + NULL NULL NULL NULL NULL NULL 1

statement ok
DROP TABLE bed;
