control substitution on

statement ok
CREATE EXTERNAL TABLE bed STORED AS BED LOCATION '$CARGO_MANIFEST_DIR/test-data/datasources/bed/test.bed';

query T
SELECT * FROM bed LIMIT 1
----
chr1 11874 12227 NR_046018_exon_0_0_chr1_11874_f NULL + NULL NULL NULL NULL NULL NULL

query T
SELECT COUNT(*) as cnt FROM bed;
----
10

statement ok
DROP TABLE bed;

statement ok
CREATE EXTERNAL TABLE bed STORED AS BED PARTITIONED BY (sample) LOCATION '$CARGO_MANIFEST_DIR/test-data/datasources/bed-partition/'

query T
SELECT * FROM bed WHERE sample = '1' LIMIT 1;
----
chr1 11874 12227 NR_046018_exon_0_0_chr1_11874_f NULL + NULL NULL NULL NULL NULL NULL 1

statement ok
DROP TABLE bed;

query T
SELECT COUNT(*) FROM bed_scan('$CARGO_MANIFEST_DIR/test-data/datasources/bed/test.bed');
----
10

query T
SELECT COUNT(*) FROM bed_scan('$CARGO_MANIFEST_DIR/test-data/datasources/bed-partition/');
----
20

query T
SELECT COUNT(*) FROM bed_scan('$CARGO_MANIFEST_DIR/test-data/datasources/bed/test.bed.gz', 'gzip');
----
1
