statement ok
CREATE EXTERNAL TABLE fasta_table_s3 STORED AS FASTA LOCATION 's3://test-bucket/test.fasta';

query T
SELECT id, description, sequence FROM fasta_table_s3;
----
a description ATCG
b description2 ATCG

statement ok
DROP TABLE fasta_table_s3;

query T
SELECT id, description, sequence FROM fasta_scan('s3://test-bucket/test.fasta');
----
a description ATCG
b description2 ATCG

statement ok
COPY (SELECT * from fasta_scan('s3://test-bucket/test.fasta')) TO 's3://test-bucket/test.parquet';

statement ok
CREATE EXTERNAL TABLE parquet STORED AS PARQUET LOCATION 's3://test-bucket/test.parquet';

query T
SELECT id, description, sequence FROM parquet;
----
a description ATCG
b description2 ATCG

statement ok
DROP TABLE parquet;
