control substitution on

statement ok
CREATE EXTERNAL TABLE sam STORED AS SAM LOCATION '$CARGO_MANIFEST_DIR/test-data/datasources/sam/test.sam';

query T
SELECT name, flag, reference, start, end, mapping_quality, cigar, mate_reference FROM sam LIMIT 1;
----
ref1_grp1_p001 99 ref1 1 10 0 10M ref1

query T
SELECT sequence FROM sam LIMIT 1;
----
CGAGCTCGGT

query T
SELECT quality_score FROM sam LIMIT 1;
----
!!!!!!!!!!

statement ok
DROP TABLE sam;

statement ok
CREATE EXTERNAL TABLE sam STORED AS SAM PARTITIONED BY (sample) LOCATION '$CARGO_MANIFEST_DIR/test-data/datasources/sam-partition/';

query T
SELECT sample, COUNT(name) AS cnt FROM sam GROUP BY sample ORDER BY sample ASC;
----
1 1
2 1

query T
SELECT COUNT(*) FROM sam WHERE sample = 1;
----
1

statement ok
DROP TABLE sam;

query T
SELECT name, flag, reference, start, end FROM sam_scan('$CARGO_MANIFEST_DIR/test-data/datasources/sam/test.sam') LIMIT 1;
----
ref1_grp1_p001 99 ref1 1 10
