statement ok
CREATE TABLE dna_sequences(sequence TEXT) AS VALUES
    ('ATCG'),
    ('AAA')
;

query I
SELECT reverse_complement(sequence) FROM dna_sequences
----
CGAT
TTT

query I
SELECT reverse_complement('ATCG')
----
CGAT

query I
SELECT reverse_complement('atcg')
----
cgat

statement ok
DROP TABLE dna_sequences;

query I
SELECT trim_polya('ATCGAAAA')
----
ATCG

query I
SELECT trim_polya('atcgaaaa')
----
atcg

query I
SELECT length(trim_polya('ATCGAAAA'))
----
4

query I
SELECT length(trim_polya('AAAA'))
----
0

statement ok
CREATE TABLE dna_sequences(s1 TEXT, s2 TEXT) AS VALUES ('ATCG', 'ATCG'), ('AAA', 'ATCG');

query I
SELECT length(trim_polya(s1)) FROM dna_sequences
----
4
0

query I
SELECT alignment_score('ATCG', 'ATCG')
----
0

query I
SELECT alignment_score('ATCG', 'AG', -2)
----
-4

query I
SELECT alignment_score('ATCG', 'ATCGG')
----
-1

query I
SELECT alignment_score(s1, s2) score FROM dna_sequences
----
0
-3

query I
SELECT alignment_score(s1, s2, -3) score FROM dna_sequences
----
0
-5

statement ok
DROP TABLE dna_sequences;
