statement ok
CREATE TABLE dna_sequences(sequence TEXT) AS VALUES
    ('ATCG'),
    ('AAA')
;

query I
SELECT reverse_complement(sequence) FROM dna_sequences
----
CGAT
TTT

query I
SELECT reverse_complement('ATCG')
----
CGAT
